nom,edition,prix,lien,image
Neyam Shai Murad,"Warhammer 40,000 Commander","0,35 €",https://www.play-in.com/magic/carte/47383-neyam_shai_murad,https://www.play-in.com/images/cartes/mtg_40k/imported_neyam_shai_murad100884.png
Ornithopter,Secret Lair Drop,"0,15 €",https://www.play-in.com/magic/carte/47204-ornithoptere_0_2_vol_incolore,https://www.play-in.com/images/cartes/mtg_dmc/en_Mr4p8Z2FSk.png
"Danitha, Benalia's Hope",Dominaria United #15,"1,00 €",https://www.play-in.com/magic/carte/47048-993-danitha_espoir_de_benalia,https://www.play-in.com/images/cartes/mtg_dmu/imported_danitha_benalias_hope99945.png
Evergreen,Evergreen (Yellow),"0,35 €",https://www.play-in.com/flesh_and_blood/carte/43797-1104-sempervirent_jaune,https://www.play-in.com/images/cartes/fab_tal/evergreen_yellow.png
Seaside Citadel,Doctor Who #302,"0,31 €",https://scryfall.com/card/who/302/seaside-citadel?random=%2A&unique=cards,https://cards.scryfall.io/large/front/8/8/88308a2d-5d93-4bc3-a5db-e895a0db76e2.jpg?1696637107
Well of Ideas,commander 2014,"0,62 €",https://scryfall.com/card/c14/20/well-of-ideas?random=%2A&unique=cards,https://cards.scryfall.io/large/front/5/4/54227dc5-ca00-4b23-9fb0-f1dd7ff5691a.jpg?1561942694
Flight of Fancy,Ultimate Masters,"0,35 €",https://www.play-in.com/magic/carte/6888-essor_de_la_foi,https://cards.scryfall.io/large/front/4/b/4b770973-2061-44cb-8c02-b2251d711e92.jpg?1547516238
Emerald Medallion,Commander Masters #379,"1,65 €",https://scryfall.com/card/cmm/379/emerald-medallion?random=%2A&unique=cards,https://cards.scryfall.io/large/front/b/a/ba578d94-6f49-45f5-b6e2-1090c05acc4a.jpg?1689999498
"Azusa, Lost but Seeking",Secret Lair Drop #1234,"48,18 €",https://scryfall.com/card/sld/1234/azusa-lost-but-seeking?random=%2A&unique=cards,https://cards.scryfall.io/large/front/4/e/4e5fa88e-1ba5-4166-a7c3-cead597c65b8.jpg?1682712580
"Shinka, the Bloodsoaked Keep",The list ,"10,62 €",https://scryfall.com/card/plst/CHK-282/shinka-the-bloodsoaked-keep?random=%2A&unique=cards,https://cards.scryfall.io/large/front/e/b/eb444c1e-0655-4251-9ecf-ad03473c6bb5.jpg?1637980092
Plains,Theros Beyond Death,"0,46 €",https://scryfall.com/card/thb/250/plains,https://cards.scryfall.io/large/front/a/9/a9891b7b-fc52-470c-9f74-292ae665f378.jpg?1641306232
Sea Gate Stormcaller,Zendikar Rising #334,"1,38 €",https://scryfall.com/card/znr/334/sea-gate-stormcaller?random=%2A&unique=cards,https://cards.scryfall.io/large/front/1/7/17b79895-30ac-4bb4-bbe3-033a0dfcf1d6.jpg?1608507089
Coldsteel Heart,Commander Anthology Volume II,"0,62 €",https://scryfall.com/card/cm2/181/coldsteel-heart,https://cards.scryfall.io/large/front/4/6/4653832d-ccc3-438a-8f64-e5f5cc995df4.jpg?1562273834
Bloodline Keeper,Secret Lair Drop #1210,"14,46 €",https://scryfall.com/card/sld/1210/bloodline-keeper-lord-of-lineage?random=%2A&unique=cards,https://cards.scryfall.io/large/front/e/7/e71df56a-c27f-4983-a2c7-c2412a0345b0.jpg?1692649365
Ayara's Oathsworn,March of the Machine : The Aftermath,"0,65 €",https://www.play-in.com/magic/carte/50177-assermentee_dayara,https://cards.scryfall.io/large/front/5/3/5330e6b7-eca3-46a4-8905-8f1de16f76af.jpg?1684340537
Branch of Vitu-Ghazi,Murders at Karlov Manor,"0,11 €",https://scryfall.com/card/mkm/258/branch-of-vitu-ghazi?random=%2A&unique=cards,https://cards.scryfall.io/large/front/7/3/73a8169f-b858-47a5-9c76-2e7c50ad4ecd.jpg?1706242330
Defense Grid,Kaladesh Inventions,"77,65 €",https://www.play-in.com/magic/carte/9408-grille_de_defense,https://cards.scryfall.io/large/front/9/c/9c57c6ee-1e97-4005-bae0-7df86b2cdc27.jpg?1562927984
Seer's Lantern,Commander 2018,"0,11 €",https://www.play-in.com/magic/carte/20056-lanterne_du_voyant,https://cards.scryfall.io/large/front/9/b/9bc4aaf3-328d-4cb5-b9e7-128e12a88313.jpg?1592711328
Path to Exile,Mystery Booster 2,"1,08 €",https://scryfall.com/card/mb2/15/path-to-exile?random=%2A&unique=cards,https://cards.scryfall.io/large/front/4/f/4f92d5e6-6834-47d4-8c1e-7eb425954bd3.jpg?1723226395
Resilient Roadrunner,Outlaws of Thunder Junction #141,"0,30 €",https://www.play-in.com/magic/carte/54547-grand_geocoucou_resistant,https://cards.scryfall.io/large/front/e/0/e07d3ee9-d3c4-4f07-839e-ec81c2587ae0.jpg?1712355827